,Unnamed: 0.1,ID,Residence_PUMA,Supervision_Risk_Score_First,Prior_Arrest_Episodes_DVCharges,Prior_Arrest_Episodes_GunCharges,Prior_Conviction_Episodes_Viol,Prior_Conviction_Episodes_PPViolationCharges,Prior_Conviction_Episodes_DomesticViolenceCharges,Prior_Conviction_Episodes_GunCharges,Prior_Revocations_Parole,Prior_Revocations_Probation,Condition_MH_SA,Condition_Cog_Ed,Condition_Other,Violations_ElectronicMonitoring,Violations_Instruction,Violations_FailToReport,Violations_MoveWithoutPermission,Avg_Days_per_DrugTest,DrugTests_THC_Positive,DrugTests_Cocaine_Positive,DrugTests_Meth_Positive,DrugTests_Other_Positive,Percent_Days_Employed,Jobs_Per_Year,Employment_Exempt,Gender_F,Gender_M,Race_BLACK,Race_WHITE,Age_at_Release_18-22,Age_at_Release_23-27,Age_at_Release_28-32,Age_at_Release_33-37,Age_at_Release_38-42,Age_at_Release_43-47,Age_at_Release_48 or older,Gang_Affiliated_False,Gang_Affiliated_True,Supervision_Level_First_High,Supervision_Level_First_Specialized,Supervision_Level_First_Standard,Education_Level_At least some college,Education_Level_High School Diploma,Education_Level_Less than HS diploma,Dependents_0,Dependents_1,Dependents_2,Dependents_3 or more,Prison_Offense_Drug,Prison_Offense_Other,Prison_Offense_Property,Prison_Offense_Violent/Non-Sex,Prison_Offense_Violent/Sex,Prison_Years_1-2 years,Prison_Years_Greater than 2 to 3 years,Prison_Years_Less than 1 year,Prison_Years_More than 3 years,Prior_Arrest_Episodes_Felony_0,Prior_Arrest_Episodes_Felony_1,Prior_Arrest_Episodes_Felony_10 or more,Prior_Arrest_Episodes_Felony_2,Prior_Arrest_Episodes_Felony_3,Prior_Arrest_Episodes_Felony_4,Prior_Arrest_Episodes_Felony_5,Prior_Arrest_Episodes_Felony_6,Prior_Arrest_Episodes_Felony_7,Prior_Arrest_Episodes_Felony_8,Prior_Arrest_Episodes_Felony_9,Prior_Arrest_Episodes_Misd_0,Prior_Arrest_Episodes_Misd_1,Prior_Arrest_Episodes_Misd_2,Prior_Arrest_Episodes_Misd_3,Prior_Arrest_Episodes_Misd_4,Prior_Arrest_Episodes_Misd_5,Prior_Arrest_Episodes_Misd_6 or more,Prior_Arrest_Episodes_Violent_0,Prior_Arrest_Episodes_Violent_1,Prior_Arrest_Episodes_Violent_2,Prior_Arrest_Episodes_Violent_3 or more,Prior_Arrest_Episodes_Property_0,Prior_Arrest_Episodes_Property_1,Prior_Arrest_Episodes_Property_2,Prior_Arrest_Episodes_Property_3,Prior_Arrest_Episodes_Property_4,Prior_Arrest_Episodes_Property_5 or more,Prior_Arrest_Episodes_Drug_0,Prior_Arrest_Episodes_Drug_1,Prior_Arrest_Episodes_Drug_2,Prior_Arrest_Episodes_Drug_3,Prior_Arrest_Episodes_Drug_4,Prior_Arrest_Episodes_Drug_5 or more,Prior_Arrest_Episodes_PPViolationCharges_0,Prior_Arrest_Episodes_PPViolationCharges_1,Prior_Arrest_Episodes_PPViolationCharges_2,Prior_Arrest_Episodes_PPViolationCharges_3,Prior_Arrest_Episodes_PPViolationCharges_4,Prior_Arrest_Episodes_PPViolationCharges_5 or more,Prior_Conviction_Episodes_Felony_0,Prior_Conviction_Episodes_Felony_1,Prior_Conviction_Episodes_Felony_2,Prior_Conviction_Episodes_Felony_3 or more,Prior_Conviction_Episodes_Misd_0,Prior_Conviction_Episodes_Misd_1,Prior_Conviction_Episodes_Misd_2,Prior_Conviction_Episodes_Misd_3,Prior_Conviction_Episodes_Misd_4 or more,Prior_Conviction_Episodes_Prop_0,Prior_Conviction_Episodes_Prop_1,Prior_Conviction_Episodes_Prop_2,Prior_Conviction_Episodes_Prop_3 or more,Prior_Conviction_Episodes_Drug_0,Prior_Conviction_Episodes_Drug_1,Prior_Conviction_Episodes_Drug_2 or more,Delinquency_Reports_0,Delinquency_Reports_1,Delinquency_Reports_2,Delinquency_Reports_3,Delinquency_Reports_4 or more,Program_Attendances_0,Program_Attendances_1,Program_Attendances_10 or more,Program_Attendances_2,Program_Attendances_3,Program_Attendances_4,Program_Attendances_5,Program_Attendances_6,Program_Attendances_7,Program_Attendances_8,Program_Attendances_9,Program_UnexcusedAbsences_0,Program_UnexcusedAbsences_1,Program_UnexcusedAbsences_2,Program_UnexcusedAbsences_3 or more,Residence_Changes_0,Residence_Changes_1,Residence_Changes_2,Residence_Changes_3 or more,Actual Outcomes,Random Forest Probabilities,Logistic Regression Probabilities,LDA Probabilities,XG Probabilities
0,23406,24194,8,3.0,0,0,0,0,0,0,0,0,1,0,0,0,0,0,0,0.0,0.0,0.0,0.0,0.0,0.0,0.0,0,0,1,1,0,0,0,0,1,0,0,0,1,0,0,0,1,1,0,0,0,0,0,1,0,0,1,0,0,0,0,1,0,1,0,0,0,0,0,0,0,0,0,0,0,0,0,0,0,1,0,1,0,0,0,0,1,0,0,0,0,1,0,0,0,0,0,1,0,0,0,0,0,1,0,0,0,0,0,1,0,0,0,1,0,0,1,0,0,1,0,0,0,0,0,1,0,0,0,0,0,0,0,0,0,1,0,0,0,0,1,0,0,1,0.44,0.49397491581738723,0.7327340751458492,0.528607
1,17819,18375,6,0.0,1,0,1,0,0,0,0,0,0,0,1,0,0,0,0,28.85714286,0.0,0.0,0.0,0.0,0.0,0.0,1,0,1,1,0,1,0,0,0,0,0,0,0,1,0,1,0,0,0,1,1,0,0,0,0,0,0,1,0,1,0,0,0,0,0,0,0,0,0,1,0,0,0,0,0,1,0,0,0,0,0,0,0,0,1,0,0,1,0,0,0,1,0,0,0,0,0,0,1,0,0,0,0,0,0,1,0,0,1,0,0,0,1,0,0,0,1,0,0,1,0,0,0,0,1,0,0,0,0,0,0,0,0,0,0,1,0,0,0,1,0,0,0,1,0.85,0.4965567071620535,0.8453201918395681,0.8864822
2,23333,24119,9,8.0,0,1,0,1,0,0,1,0,1,1,0,0,1,0,1,241.3333333,0.0,0.0,0.0,0.333333343,0.069060773,0.50448895,0,0,1,0,1,0,0,0,0,0,0,1,1,0,1,0,0,0,1,0,0,0,1,0,0,0,1,0,0,1,0,0,0,0,0,1,0,0,0,0,0,0,0,0,0,0,0,0,0,0,1,0,0,1,0,0,0,0,0,0,1,0,0,0,0,0,1,0,0,1,0,0,0,0,0,0,1,0,0,0,0,1,0,0,0,1,0,0,1,0,0,0,0,1,1,0,0,0,0,0,0,0,0,0,0,0,0,1,0,0,0,0,1,1,0.74,0.9227198220600599,0.9172303648350466,0.9009541
3,17511,18050,12,7.0,0,0,0,1,0,0,0,0,1,0,0,0,0,0,0,55.0,0.0,0.0,0.0,0.0,1.0,2.0,0,0,1,0,1,0,1,0,0,0,0,0,1,0,1,0,0,0,0,1,1,0,0,0,1,0,0,0,0,0,0,1,0,0,0,0,0,1,0,0,0,0,0,0,0,0,0,1,0,0,0,1,0,0,0,0,1,0,0,0,0,0,0,1,0,0,0,0,0,0,1,0,0,1,0,0,0,0,0,0,1,0,0,0,1,0,1,0,0,1,0,0,0,0,1,0,0,0,0,0,0,0,0,0,0,1,0,0,0,1,0,0,0,0,0.49,0.6131766663328316,0.652542276175812,0.47889256
4,10795,11072,8,9.0,0,0,1,1,1,0,0,0,1,0,0,0,0,0,0,0.0,0.0,0.0,0.0,0.0,0.187288136,0.619067797,0,0,1,1,0,0,0,1,0,0,0,0,1,0,0,1,0,0,1,0,1,0,0,0,1,0,0,0,0,1,0,0,0,0,0,0,0,1,0,0,0,0,0,0,0,0,0,0,0,0,1,0,1,0,0,0,0,1,0,0,0,0,0,0,0,0,1,0,0,0,0,0,1,0,0,1,0,0,0,0,0,1,0,1,0,0,0,0,1,1,0,0,0,0,0,0,0,0,0,0,0,1,0,0,0,0,0,1,0,0,0,0,1,1,0.81,0.8285316179836065,0.824138587470597,0.9523773
5,10772,11048,11,3.0,0,0,0,0,0,0,0,0,0,0,0,0,0,0,0,0.0,0.0,0.0,0.0,0.0,0.0,0.0,0,0,1,1,0,0,0,0,0,0,1,0,1,0,0,0,1,0,1,0,0,0,0,1,0,0,1,0,0,0,0,1,0,0,0,1,0,0,0,0,0,0,0,0,0,0,0,0,0,0,1,1,0,0,0,0,0,0,0,0,1,0,0,1,0,0,0,0,0,0,0,0,1,0,1,0,0,0,0,0,0,1,0,0,0,1,1,0,0,1,0,0,0,0,1,0,0,0,0,0,0,0,0,0,0,1,0,0,0,1,0,0,0,0,0.81,0.7114894526200507,0.8045195197490062,0.7925901
6,4716,4835,16,7.0,0,0,1,1,0,0,0,0,1,1,0,0,0,0,0,55.4,0.0,0.0,0.0,0.0,0.931407942,2.0,0,1,0,1,0,0,0,0,0,0,0,1,0,0,0,0,1,0,0,1,0,0,0,1,0,0,1,0,0,1,0,0,0,0,0,1,0,0,0,0,0,0,0,0,0,0,0,0,1,0,0,0,1,0,0,0,0,0,0,0,1,1,0,0,0,0,0,0,0,0,0,0,1,0,0,0,1,0,0,0,1,0,0,0,0,1,1,0,0,1,0,0,0,0,0,0,0,0,1,0,0,0,0,0,0,1,0,0,0,0,1,0,0,0,0.62,0.6341944115593791,0.5174417544621619,0.4755134
7,1778,1814,9,6.0,0,1,1,1,0,0,0,0,1,1,1,0,0,0,0,215.0,0.0,0.0,0.0,0.0,0.390697674,2.548255814,0,0,1,1,0,0,0,1,0,0,0,0,0,1,1,0,0,0,0,1,0,1,0,0,0,0,0,1,0,0,0,0,1,0,0,0,0,0,0,0,1,0,0,0,0,0,0,0,1,0,0,0,1,0,0,1,0,0,0,0,0,0,0,0,0,0,1,0,0,0,0,1,0,0,1,0,0,0,0,0,0,1,1,0,0,0,0,0,1,1,0,0,0,0,1,0,0,0,0,0,0,0,0,0,0,1,0,0,0,1,0,0,0,1,0.79,0.5526818190635124,0.9061691774734252,0.947039
8,14840,15252,21,4.0,0,0,0,0,0,0,0,0,1,1,0,0,0,0,0,0.0,0.0,0.0,0.0,0.0,0.568807339,1.0,0,0,1,0,1,0,0,0,0,0,0,1,1,0,0,0,1,1,0,0,1,0,0,0,0,0,0,0,0,1,0,0,0,0,0,0,0,1,0,0,0,0,0,0,0,0,0,0,1,0,0,1,0,0,0,0,0,0,0,1,0,1,0,0,0,0,0,0,1,0,0,0,0,0,1,0,0,0,0,0,1,0,0,0,0,1,1,0,0,1,0,0,0,0,1,0,0,0,0,0,0,0,0,0,0,1,0,0,0,1,0,0,0,1,0.53,0.4222427181917196,0.3808017378038957,0.691533
9,21978,22714,16,5.0,0,0,1,0,1,0,0,1,0,0,1,0,0,0,0,38.1,0.0,0.0,0.0,0.0,1.0,3.834645669,0,0,1,0,1,0,0,0,0,1,0,0,1,0,0,0,1,0,1,0,0,0,1,0,0,0,1,0,0,0,0,1,0,0,0,0,0,0,1,0,0,0,0,0,0,0,0,0,0,0,1,0,0,0,1,0,1,0,0,0,0,0,1,0,0,0,0,0,0,1,0,0,0,0,1,0,0,0,0,0,0,1,0,0,1,0,1,0,0,1,0,0,0,0,1,0,0,0,0,0,0,0,0,0,0,1,0,0,0,1,0,0,0,0,0.58,0.617717082583055,0.7274085950561496,0.35872322
10,1918,1961,19,3.0,1,0,1,1,1,0,0,0,0,0,0,0,0,0,0,137.25,0.0,0.0,0.0,0.0,0.336976321,0.332650273,1,1,0,1,0,0,0,0,0,0,0,1,0,0,0,0,1,0,1,0,0,0,0,1,0,0,1,0,0,1,0,0,0,0,0,1,0,0,0,0,0,0,0,0,0,0,0,0,0,1,0,0,0,0,1,0,0,0,0,0,1,1,0,0,0,0,0,0,0,1,0,0,0,0,0,0,1,0,0,0,0,1,0,0,0,1,1,0,0,1,0,0,0,0,1,0,0,0,0,0,0,0,0,0,0,1,0,0,0,1,0,0,0,1,0.46,0.5888406557353423,0.41256907660476794,0.72453296
11,12712,13052,20,7.0,0,1,1,0,0,0,0,0,1,0,0,0,1,0,0,102.0,0.5,0.0,0.0,0.0,0.0,0.0,0,0,1,1,0,0,0,1,0,0,0,0,1,0,0,1,0,0,0,1,0,0,0,1,0,0,1,0,0,1,0,0,0,0,0,0,0,0,0,1,0,0,0,0,0,0,0,0,0,1,0,0,0,1,0,0,0,0,1,0,0,1,0,0,0,0,0,0,1,0,0,0,0,1,0,0,0,0,0,0,0,1,0,1,0,0,1,0,0,1,0,0,0,0,0,1,0,0,0,0,0,0,0,0,0,0,1,0,0,0,1,0,0,1,0.79,0.734562967271424,0.8762883797409735,0.9315486
12,19891,20554,22,7.0,0,0,1,1,0,0,1,0,0,0,0,0,1,1,0,109.0,0.111111112,0.111111112,0.0,0.0,0.262996942,0.744648318,0,0,1,0,1,0,0,0,0,0,1,0,1,0,0,1,0,0,1,0,1,0,0,0,0,0,0,1,0,1,0,0,0,0,0,1,0,0,0,0,0,0,0,0,0,0,0,0,1,0,0,0,1,0,0,0,0,0,0,0,1,0,0,1,0,0,0,0,0,0,0,0,1,0,0,0,1,0,1,0,0,0,0,1,0,0,1,0,0,0,0,0,1,0,1,0,0,0,0,0,0,0,0,0,0,1,0,0,0,1,0,0,0,1,0.62,0.7930506964590313,0.8433352978509148,0.8996807
13,18922,19548,11,6.0,0,0,0,0,0,0,0,0,0,1,0,1,0,0,0,32.6,0.0,0.0,0.0,0.0,1.0,3.0,0,0,1,1,0,0,1,0,0,0,0,0,0,1,0,1,0,0,1,0,0,1,0,0,0,1,0,0,0,1,0,0,0,0,0,0,1,0,0,0,0,0,0,0,0,0,0,0,0,0,1,1,0,0,0,0,0,1,0,0,0,1,0,0,0,0,0,0,0,0,0,1,0,0,1,0,0,0,0,1,0,0,1,0,0,0,1,0,0,0,0,1,0,0,0,0,0,0,0,1,0,0,0,0,0,1,0,0,0,1,0,0,0,1,0.71,0.57298208018841,0.8432962559746391,0.50896287
14,440,445,22,10.0,1,0,0,1,0,0,0,0,1,1,0,0,0,0,0,56.06666667,0.06666667,0.0,0.13333334,0.0,0.117717004,0.4343044,1,0,1,0,1,0,0,0,0,0,1,0,1,0,0,1,0,0,0,1,0,0,1,0,0,0,1,0,0,0,1,0,0,0,0,1,0,0,0,0,0,0,0,0,0,0,0,0,0,0,1,0,0,0,1,0,0,0,0,0,1,0,0,1,0,0,0,0,0,0,0,0,1,0,0,1,0,0,0,0,0,1,0,0,1,0,0,0,1,0,0,1,0,0,0,0,0,0,0,1,0,0,0,0,0,0,0,0,1,0,1,0,0,1,0.75,0.8638183729728031,0.845770806811334,0.85151637
15,1747,1782,18,10.0,0,0,0,1,0,0,0,0,0,0,0,0,0,0,0,92.42857143,0.0,0.0,0.0,0.0,0.99690881,1.129057187,0,0,1,1,0,0,0,1,0,0,0,0,1,0,0,1,0,0,0,1,0,1,0,0,0,0,0,1,0,0,0,0,1,0,0,0,0,0,0,1,0,0,0,0,0,0,1,0,0,0,0,0,0,1,0,0,0,0,1,0,0,1,0,0,0,0,0,0,0,0,1,0,0,0,0,1,0,1,0,0,0,0,0,0,1,0,1,0,0,1,0,0,0,0,1,0,0,0,0,0,0,0,0,0,0,1,0,0,0,1,0,0,0,0,0.46,0.4627578648817041,0.30418765672251846,0.14806028
16,11038,11326,1,5.0,0,1,0,0,0,0,0,0,0,0,0,0,1,0,0,48.44444444,0.111111112,0.0,0.0,0.0,1.0,1.675458716,0,0,1,1,0,0,1,0,0,0,0,0,0,1,0,0,1,0,1,0,0,0,0,1,0,0,0,0,0,0,0,1,0,0,0,0,0,0,0,1,0,0,0,0,0,0,0,0,1,0,0,0,1,0,0,1,0,0,0,0,0,0,0,0,1,0,0,0,0,1,0,0,0,0,1,0,0,0,1,0,0,0,0,1,0,0,0,1,0,1,0,0,0,0,1,0,0,0,0,0,0,0,0,0,0,1,0,0,0,1,0,0,0,1,0.68,0.5598163560252022,0.7723925950536874,0.76087356
17,2817,2888,18,6.0,0,1,0,0,0,1,0,0,0,0,0,0,0,0,0,211.3333333,0.0,0.0,0.0,0.0,0.981861199,1.152208202,0,0,1,1,0,0,0,0,0,0,0,1,1,0,0,0,1,0,1,0,0,1,0,0,0,0,0,1,0,0,0,0,1,0,0,0,0,0,0,0,0,0,1,0,0,1,0,0,0,0,0,1,0,0,0,0,0,0,0,0,1,1,0,0,0,0,0,1,0,0,0,0,0,0,0,0,1,0,1,0,0,0,0,0,0,1,1,0,0,1,0,0,0,0,1,0,0,0,0,0,0,0,0,0,0,1,0,0,0,1,0,0,0,1,0.38,0.3406866053284128,0.20098537347199677,0.3415574
18,12091,12414,7,8.0,0,0,0,0,0,0,1,0,1,1,0,0,1,0,1,152.3333333,0.0,0.0,0.0,0.0,0.378555799,0.799234136,0,0,1,0,1,0,0,0,0,1,0,0,1,0,1,0,0,0,1,0,0,0,0,1,0,1,0,0,0,0,1,0,0,0,0,0,0,0,0,0,1,0,0,0,0,0,0,0,0,0,1,1,0,0,0,0,0,1,0,0,0,0,0,0,0,1,0,0,1,0,0,0,0,0,1,0,0,0,0,0,0,1,0,1,0,0,0,0,1,1,0,0,0,0,1,0,0,0,0,0,0,0,0,0,0,1,0,0,0,1,0,0,0,1,0.77,0.710804770389101,0.7468295645739645,0.6405522
19,3854,3961,20,7.0,0,0,1,0,0,0,1,0,1,0,0,0,0,0,0,105.6,0.0,0.200000003,0.0,0.0,1.0,1.383522727,1,0,1,0,1,0,0,0,0,0,1,0,1,0,1,0,0,0,1,0,0,1,0,0,0,0,1,0,0,0,0,0,1,0,0,1,0,0,0,0,0,0,0,0,0,0,0,0,0,0,1,0,0,1,0,0,0,0,0,0,1,0,0,0,1,0,0,0,0,1,0,0,0,0,0,0,1,0,0,0,1,0,0,0,0,1,1,0,0,1,0,0,0,0,0,0,0,0,0,0,1,0,0,0,0,0,0,0,1,1,0,0,0,1,0.49,0.6922989667172113,0.7881446021208357,0.84654814
20,15114,15543,11,6.0,0,0,0,0,0,0,0,1,0,0,1,0,0,0,0,20.75,0.0,0.0,0.0,0.0,0.385542169,1.0,0,0,1,1,0,1,0,0,0,0,0,0,0,1,0,0,0,0,1,0,1,0,0,0,0,0,0,1,0,1,0,0,0,0,0,0,0,1,0,0,0,0,0,0,1,0,0,0,0,0,0,0,1,0,0,1,0,0,0,0,0,1,0,0,0,0,0,0,1,0,0,0,0,1,0,0,0,1,0,0,0,0,1,0,0,0,1,0,0,1,0,0,0,0,1,0,0,0,0,0,0,0,0,0,0,1,0,0,0,1,0,0,0,1,0.83,0.4179116806177218,0.7896527908277984,0.90795726
21,23832,24639,1,6.0,0,0,0,0,0,0,0,0,1,0,0,0,0,0,0,77.0,0.333333343,0.0,0.0,0.0,0.0,0.0,0,0,1,1,0,0,1,0,0,0,0,0,1,0,1,0,0,0,1,0,0,1,0,0,1,0,0,0,0,0,0,1,0,0,0,0,1,0,0,0,0,0,0,0,0,0,0,1,0,0,0,1,0,0,0,0,1,0,0,0,0,0,1,0,0,0,0,1,0,0,0,0,0,1,0,0,0,0,0,1,0,0,0,1,0,0,1,0,0,1,0,0,0,0,0,1,0,0,0,0,0,0,0,0,0,0,0,1,0,0,1,0,0,1,0.66,0.6904190119170602,0.8064507616146922,0.8788881
22,6491,6647,6,3.0,0,0,0,0,0,0,0,0,0,0,0,0,0,0,0,86.6,0.0,0.0,0.0,0.0,0.0,0.0,0,1,0,1,0,0,0,0,1,0,0,0,0,0,0,0,1,0,1,0,0,1,0,0,0,0,0,0,0,0,0,1,0,0,0,0,0,0,1,0,0,0,0,0,1,0,0,0,0,0,0,1,0,0,0,1,0,0,0,0,0,0,0,0,1,0,0,0,0,1,0,0,0,0,1,0,0,1,0,0,0,0,1,0,0,0,0,1,0,1,0,0,0,0,1,0,0,0,0,0,0,0,0,0,0,1,0,0,0,1,0,0,0,0,0.36,0.34466968800464226,0.3866066890675131,0.28470978
23,4226,4336,24,1.0,0,0,0,1,0,0,0,0,0,0,0,0,0,0,0,54.0,0.0,0.0,0.0,0.0,0.861111111,1.0,0,0,1,1,0,0,0,0,1,0,0,0,1,0,0,1,0,0,0,1,1,0,0,0,0,0,0,0,0,0,0,0,1,0,0,0,0,0,0,1,0,0,0,0,0,0,0,0,0,1,0,0,1,0,0,0,1,0,0,0,0,1,0,0,0,0,0,0,0,0,0,0,1,1,0,0,0,0,1,0,0,0,0,1,0,0,1,0,0,1,0,0,0,0,1,0,0,0,0,0,0,0,0,0,0,1,0,0,0,1,0,0,0,1,0.45,0.31884789868135394,0.2678023864572005,0.41712314
24,525,532,20,6.0,0,0,0,0,0,0,0,0,0,0,0,0,0,0,0,0.0,0.06666667,0.0,0.0,0.0,0.0,0.0,0,0,1,1,0,0,0,0,1,0,0,0,1,0,1,0,0,0,0,1,0,0,0,1,1,0,0,0,0,0,0,0,1,0,0,0,0,1,0,0,0,0,0,0,0,0,0,1,0,0,0,0,1,0,0,1,0,0,0,0,0,0,0,0,0,1,0,0,0,1,0,0,0,0,1,0,0,1,0,0,0,0,1,0,0,0,0,0,1,0,0,0,0,1,1,0,0,0,0,0,0,0,0,0,0,1,0,0,0,0,0,1,0,0,0.34,0.38915274101293446,0.3141450169189127,0.032915834
25,22722,23489,2,9.0,0,1,0,1,0,0,0,0,1,1,1,0,0,0,0,8.2,0.200000003,0.0,0.0,0.0,0.0,0.0,0,0,1,1,0,0,0,0,1,0,0,0,1,0,0,1,0,1,0,0,0,0,1,0,0,0,0,0,0,0,1,0,0,0,0,0,0,0,0,0,0,0,1,0,0,0,0,0,0,0,1,0,1,0,0,0,1,0,0,0,0,0,0,0,0,0,1,0,0,1,0,0,0,0,1,0,0,0,0,1,0,0,1,0,0,0,0,0,1,1,0,0,0,0,1,0,0,0,0,0,0,0,0,0,0,1,0,0,0,1,0,0,0,1,0.7,0.7339985648830664,0.6821032593709084,0.7625939
26,3064,3148,6,7.0,0,0,1,0,1,0,0,0,0,1,1,0,0,0,0,103.3333333,0.0,0.0,0.0,0.0,0.916129032,1.0,0,0,1,1,0,0,0,0,0,1,0,0,1,0,0,0,1,0,1,0,0,1,0,0,0,0,0,1,0,1,0,0,0,0,0,1,0,0,0,0,0,0,0,0,0,0,0,0,0,0,1,0,0,0,1,0,0,0,0,0,1,1,0,0,0,0,0,0,0,0,1,0,0,0,0,0,1,0,0,1,0,0,0,0,0,1,1,0,0,0,1,0,0,0,1,0,0,0,0,0,0,0,0,0,0,1,0,0,0,0,1,0,0,1,0.56,0.6602512166392493,0.6750924314131093,0.6958206
27,16251,16708,8,6.0,0,0,0,0,0,0,0,0,1,1,1,0,0,0,0,0.0,0.0,0.0,0.0,0.0,1.0,2.0,0,0,1,1,0,0,1,0,0,0,0,0,1,0,1,0,0,0,1,0,1,0,0,0,0,0,1,0,0,0,0,0,1,0,0,0,1,0,0,0,0,0,0,0,0,0,1,0,0,0,0,1,0,0,0,0,0,0,1,0,0,0,1,0,0,0,0,1,0,0,0,0,0,1,0,0,0,0,1,0,0,0,0,1,0,0,1,0,0,1,0,0,0,0,0,1,0,0,0,0,0,0,0,0,0,1,0,0,0,1,0,0,0,1,0.36,0.4365645940892413,0.5143638971134981,0.54423356
28,2531,2589,4,4.0,0,1,0,1,0,1,0,1,1,0,0,0,0,0,0,231.0,0.0,0.0,0.0,0.0,0.797619048,0.395292208,0,0,1,1,0,0,0,0,0,1,0,0,1,0,0,0,1,0,0,1,0,1,0,0,0,1,0,0,0,0,0,1,0,0,0,0,0,0,0,0,0,1,0,0,0,0,0,0,0,1,0,1,0,0,0,0,1,0,0,0,0,0,0,0,1,0,0,0,0,0,0,0,1,0,0,0,1,0,0,0,1,0,0,1,0,0,0,0,1,0,0,0,1,0,1,0,0,0,0,0,0,0,0,0,0,1,0,0,0,0,0,1,0,1,0.49,0.6381435502486142,0.29901467383195907,0.2889165
29,8339,8539,18,7.0,0,1,0,0,0,1,0,0,1,1,0,0,0,0,0,36.24,0.200000003,0.0,0.079999998,0.0,0.29580574,0.806291391,0,0,1,0,1,0,1,0,0,0,0,0,0,1,1,0,0,0,0,1,0,0,0,1,0,1,0,0,0,1,0,0,0,0,0,0,1,0,0,0,0,0,0,0,1,0,0,0,0,0,0,0,1,0,0,1,0,0,0,0,0,0,1,0,0,0,0,0,1,0,0,0,0,1,0,0,0,1,0,0,0,0,1,0,0,0,0,1,0,1,0,0,0,0,0,0,1,0,0,0,0,0,0,0,0,0,0,0,1,1,0,0,0,0,0.81,0.5016827030592582,0.7619730836196853,0.9656894
30,3818,3925,24,4.0,0,0,0,1,0,0,0,0,1,1,0,0,0,0,0,0.0,0.0,0.0,0.0,0.0,0.285359801,0.906327543,0,0,1,0,1,0,0,0,0,0,0,1,1,0,0,0,1,0,0,1,1,0,0,0,1,0,0,0,0,1,0,0,0,0,0,0,0,0,0,0,1,0,0,0,0,0,0,0,0,0,1,1,0,0,0,0,1,0,0,0,0,0,0,0,0,1,0,0,0,0,1,0,0,0,0,0,1,0,0,0,0,1,0,1,0,0,0,0,1,1,0,0,0,0,1,0,0,0,0,0,0,0,0,0,0,1,0,0,0,0,1,0,0,1,0.68,0.5793767488389826,0.5375394903547095,0.71531856
31,9176,9402,21,4.0,0,1,0,0,0,1,0,0,0,0,0,0,0,0,0,35.37142857,0.0,0.0,0.0,0.0,0.479806139,0.29503231,0,0,1,1,0,0,1,0,0,0,0,0,0,1,0,0,1,0,1,0,0,1,0,0,0,1,0,0,0,1,0,0,0,0,0,0,0,1,0,0,0,0,0,0,0,1,0,0,0,0,0,0,0,0,1,1,0,0,0,0,0,0,1,0,0,0,0,1,0,0,0,0,0,0,1,0,0,1,0,0,0,0,1,0,0,0,1,0,0,1,0,0,0,0,1,0,0,0,0,0,0,0,0,0,0,1,0,0,0,0,1,0,0,1,0.72,0.40112274768877604,0.5596689140412435,0.6699041
32,7866,8051,19,4.0,0,0,1,0,0,0,0,0,1,0,0,0,0,0,0,0.0,0.107142858,0.0,0.0,0.0,0.0,0.0,0,0,1,1,0,0,0,0,0,1,0,0,0,1,0,0,1,0,0,1,1,0,0,0,0,0,1,0,0,0,0,0,1,0,0,0,1,0,0,0,0,0,0,0,0,1,0,0,0,0,0,0,1,0,0,0,1,0,0,0,0,1,0,0,0,0,0,0,1,0,0,0,0,1,0,0,0,1,0,0,0,0,1,0,0,0,1,0,0,0,0,0,1,0,0,0,0,0,0,0,0,0,0,0,1,0,0,0,1,0,0,1,0,0,0.49,0.45707356515701264,0.47921608296927976,0.06948074
33,17503,18042,20,6.0,0,0,0,0,0,0,0,0,0,0,0,0,0,0,0,0.0,0.0,0.0,0.0,0.0,0.0,0.0,0,1,0,1,0,1,0,0,0,0,0,0,0,0,1,0,0,0,1,0,0,0,1,0,0,0,1,0,0,0,0,1,0,0,0,0,0,0,0,1,0,0,0,0,1,0,0,0,0,0,0,1,0,0,0,0,0,0,1,0,0,1,0,0,0,0,0,0,0,1,0,0,0,0,0,1,0,1,0,0,0,0,0,0,0,1,1,0,0,0,0,0,0,1,1,0,0,0,0,0,0,0,0,0,0,1,0,0,0,1,0,0,0,0,0.52,0.6695183253513931,0.6243747661778233,0.6422893
34,11218,11519,7,9.0,0,0,0,0,0,0,0,0,1,0,1,0,0,0,0,19.44444444,0.148148149,0.037037037,0.0,0.0,1.0,4.87,0,0,1,0,1,0,0,0,1,0,0,0,1,0,0,1,0,0,0,1,0,1,0,0,0,0,1,0,0,0,0,1,0,0,0,0,0,0,0,0,0,0,1,0,0,0,0,0,0,1,0,0,1,0,0,0,0,0,0,0,1,1,0,0,0,0,0,0,0,0,0,1,0,0,1,0,0,0,0,0,1,0,0,0,1,0,1,0,0,0,0,0,0,1,0,0,1,0,0,0,0,0,0,0,0,1,0,0,0,0,1,0,0,1,0.66,0.5761955048651937,0.8141004786250294,0.63723284
35,11866,12183,11,7.0,0,0,0,0,0,0,0,0,1,1,0,0,0,0,0,0.0,0.0,0.0,0.0,0.0,0.955580866,0.416002278,0,0,1,1,0,0,0,1,0,0,0,0,1,0,1,0,0,0,1,0,0,0,1,0,1,0,0,0,0,0,0,0,1,0,1,0,0,0,0,0,0,0,0,0,0,1,0,0,0,0,0,1,0,0,0,1,0,0,0,0,0,0,1,0,0,0,0,1,0,0,0,0,0,1,0,0,0,0,1,0,0,0,1,0,0,0,1,0,0,1,0,0,0,0,1,0,0,0,0,0,0,0,0,0,0,1,0,0,0,0,0,1,0,1,0.23,0.3275738723153945,0.16469301490137297,0.15063135
36,6032,6181,8,8.0,0,1,1,0,1,1,0,0,1,1,0,0,0,0,0,103.4,0.200000003,0.0,0.0,0.0,0.0,0.0,0,0,1,1,0,0,0,0,0,0,1,0,1,0,0,0,1,0,1,0,0,0,0,1,1,0,0,0,0,1,0,0,0,0,0,0,0,0,1,0,0,0,0,0,0,0,0,1,0,0,0,0,0,0,1,1,0,0,0,0,0,0,1,0,0,0,0,0,1,0,0,0,0,0,1,0,0,0,0,0,1,0,1,0,0,0,0,1,0,1,0,0,0,0,1,0,0,0,0,0,0,0,0,0,0,1,0,0,0,1,0,0,0,1,0.65,0.5526818669000902,0.5417657640385286,0.7860944
37,19906,20572,14,5.0,1,0,1,1,1,0,0,0,0,0,0,1,0,0,1,349.4285714,0.0,0.0,0.0,0.0,0.058871627,0.149325429,1,0,1,1,0,0,0,0,0,0,0,1,1,0,0,0,1,0,0,1,1,0,0,0,0,0,1,0,0,0,0,0,1,0,0,1,0,0,0,0,0,0,0,0,0,0,0,0,0,0,1,0,0,0,1,0,0,0,0,0,1,0,0,1,0,0,0,0,0,0,0,0,1,0,0,0,1,0,0,0,0,1,0,0,0,1,1,0,0,0,0,0,0,1,1,0,0,0,0,0,0,0,0,0,0,1,0,0,0,1,0,0,0,1,0.66,0.8264443845127696,0.6166648629440606,0.50741786
38,30,31,14,10.0,1,1,0,1,0,0,0,1,1,0,1,0,1,0,0,23.8,0.0,0.0,0.200000003,0.200000003,0.714285714,1.0,0,0,1,0,1,0,0,0,0,0,1,0,1,0,0,1,0,1,0,0,1,0,0,0,0,0,1,0,0,1,0,0,0,0,0,1,0,0,0,0,0,0,0,0,0,0,0,0,0,0,1,0,0,0,1,0,0,0,0,0,1,1,0,0,0,0,0,0,0,0,0,0,1,0,0,0,1,0,0,0,0,1,0,0,0,1,1,0,0,0,0,0,0,1,0,0,0,1,0,0,0,0,0,0,0,1,0,0,0,1,0,0,0,1,0.71,0.7838472974773484,0.7404894968234478,0.9421001
39,932,948,17,6.0,0,1,1,1,0,1,0,0,1,1,0,0,0,0,0,47.2,0.0,0.0,0.0,0.0,0.896610169,0.619067797,0,0,1,1,0,0,0,1,0,0,0,0,1,0,0,0,1,0,0,1,0,0,0,1,0,0,0,1,0,0,0,0,1,0,0,0,0,1,0,0,0,0,0,0,0,0,1,0,0,0,0,0,1,0,0,1,0,0,0,0,0,0,0,1,0,0,0,0,0,1,0,0,0,0,1,0,0,0,1,0,0,0,1,0,0,0,0,1,0,1,0,0,0,0,0,0,0,0,0,0,0,0,1,0,0,1,0,0,0,1,0,0,0,0,0.32,0.3448032067904972,0.25061157031300774,0.12429885
40,14954,15377,18,7.0,0,0,0,0,0,0,0,0,0,0,0,0,0,0,0,0.0,0.0,0.0,0.0,0.0,0.0,0.0,0,0,1,1,0,0,1,0,0,0,0,0,1,0,0,1,0,0,0,1,1,0,0,0,0,0,0,1,0,0,0,0,1,0,0,0,1,0,0,0,0,0,0,0,1,0,0,0,0,0,0,0,1,0,0,0,1,0,0,0,0,1,0,0,0,0,0,1,0,0,0,0,0,1,0,0,0,1,0,0,0,0,1,0,0,0,1,0,0,0,0,0,0,1,1,0,0,0,0,0,0,0,0,0,0,1,0,0,0,1,0,0,0,0,0.36,0.35855910555240156,0.3361660874889471,0.1036237
41,5560,5700,8,2.0,1,0,1,0,1,0,0,1,0,0,1,0,0,0,0,15.61538462,0.0,0.0,0.0,0.0,1.0,2.698891626,0,0,1,1,0,0,0,0,0,0,0,1,1,0,0,1,0,0,1,0,0,0,0,1,0,1,0,0,0,0,0,1,0,0,0,0,0,0,0,1,0,0,0,0,0,0,0,1,0,0,0,0,0,0,1,0,0,0,1,0,0,1,0,0,0,0,0,1,0,0,0,0,0,0,0,1,0,0,0,0,1,0,0,1,0,0,1,0,0,1,0,0,0,0,0,0,1,0,0,0,0,0,0,0,0,0,0,0,1,0,1,0,0,0,0.42,0.3256846701150298,0.25514333447486454,0.22901556
42,12589,12925,17,7.0,0,0,0,0,0,0,1,0,0,0,0,0,1,0,1,55.66666667,0.333333343,0.0,0.0,0.0,0.131736527,1.0,0,0,1,0,1,0,1,0,0,0,0,0,1,0,0,1,0,0,0,1,0,0,1,0,1,0,0,0,0,1,0,0,0,0,0,0,0,0,1,0,0,0,0,0,0,1,0,0,0,0,0,1,0,0,0,1,0,0,0,0,0,0,0,0,1,0,0,0,1,0,0,0,0,0,1,0,0,0,0,1,0,0,0,1,0,0,0,1,0,0,0,0,1,0,0,0,0,0,0,0,0,0,0,1,0,1,0,0,0,0,1,0,0,1,0.76,0.6017731304002616,0.7828956969384377,0.8352032
43,22593,23356,25,7.0,0,0,0,0,0,0,0,0,1,1,1,0,0,0,0,0.0,0.0,0.0,0.0,0.0,0.0,0.0,0,0,1,1,0,1,0,0,0,0,0,0,0,1,1,0,0,1,0,0,0,0,0,1,0,0,0,0,0,0,0,1,0,0,0,0,0,0,1,0,0,0,0,0,1,0,0,0,0,0,0,1,0,0,0,0,1,0,0,0,0,0,0,1,0,0,0,1,0,0,0,0,0,1,0,0,0,1,0,0,0,0,1,0,0,0,1,0,0,0,1,0,0,0,1,0,0,0,0,0,0,0,0,0,0,1,0,0,0,1,0,0,0,1,0.82,0.6258688929814358,0.9316736442294359,0.9603259
44,19131,19765,5,7.0,0,0,1,0,0,0,0,0,1,0,0,0,1,0,1,46.32,0.079999998,0.0,0.039999999,0.039999999,0.253022453,0.630829016,0,0,1,0,1,0,0,1,0,0,0,0,1,0,1,0,0,0,1,0,0,1,0,0,1,0,0,0,0,0,1,0,0,0,0,0,0,0,0,1,0,0,0,0,0,0,0,0,1,0,0,0,1,0,0,0,1,0,0,0,0,0,0,0,0,1,0,1,0,0,0,0,0,1,0,0,0,0,0,0,0,1,1,0,0,0,0,0,1,0,0,0,0,1,0,0,0,0,0,0,0,0,1,0,0,0,0,0,1,0,0,1,0,1,0.62,0.6660104255067207,0.6017477972567941,0.607002
45,3006,3089,3,10.0,0,0,0,1,0,0,1,0,1,1,0,0,0,0,0,0.0,0.0,0.0,0.0,0.0,1.0,1.0,1,0,1,1,0,0,0,0,0,0,0,1,1,0,0,0,1,0,0,1,1,0,0,0,0,0,1,0,0,0,0,0,1,0,0,1,0,0,0,0,0,0,0,0,0,0,0,1,0,0,0,1,0,0,0,0,0,0,0,0,1,0,1,0,0,0,0,0,0,0,0,0,1,0,0,0,1,0,1,0,0,0,0,0,0,1,1,0,0,1,0,0,0,0,1,0,0,0,0,0,0,0,0,0,0,1,0,0,0,1,0,0,0,1,0.69,0.6287140414474193,0.37955184239340073,0.85554075
46,17074,17593,10,9.0,0,0,0,0,0,0,0,0,0,0,0,0,0,0,1,0.0,0.0,0.0,0.0,0.0,0.27700831,1.51765928,0,0,1,0,1,1,0,0,0,0,0,0,1,0,0,1,0,0,1,0,1,0,0,0,0,0,1,0,0,1,0,0,0,0,0,0,0,0,0,1,0,0,0,0,0,1,0,0,0,0,0,1,0,0,0,0,0,1,0,0,0,0,0,1,0,0,0,0,1,0,0,0,0,0,0,0,1,0,0,1,0,0,0,0,0,1,0,1,0,1,0,0,0,0,1,0,0,0,0,0,0,0,0,0,0,1,0,0,0,0,0,0,1,1,0.72,0.7365280769130537,0.9011285597732045,0.9717917
47,14663,15070,6,7.0,0,1,1,0,1,0,0,0,0,1,0,0,0,0,0,102.1818182,0.0,0.0,0.0,0.0,1.0,0.974866548,0,0,1,1,0,0,1,0,0,0,0,0,1,0,0,0,1,0,1,0,0,0,0,1,0,0,0,0,0,1,0,0,0,0,0,0,0,0,1,0,0,0,0,0,0,0,0,0,0,1,0,0,0,0,1,0,1,0,0,0,0,1,0,0,0,0,0,0,1,0,0,0,0,0,0,1,0,0,0,1,0,0,0,1,0,0,0,1,0,1,0,0,0,0,1,0,0,0,0,0,0,0,0,0,0,1,0,0,0,1,0,0,0,1,0.5,0.5798524850817275,0.4103842201396725,0.3450974
48,14528,14935,20,9.0,0,0,1,0,1,0,0,0,1,1,0,0,0,0,1,0.0,0.0,0.0,0.0,0.0,1.0,3.0,0,0,1,1,0,0,1,0,0,0,0,0,1,0,0,1,0,1,0,0,1,0,0,0,0,0,1,0,0,1,0,0,0,0,0,0,0,0,0,0,1,0,0,0,0,0,0,0,0,0,1,0,0,1,0,0,0,0,0,0,1,1,0,0,0,0,0,0,0,0,0,0,1,0,1,0,0,0,0,0,0,1,0,0,0,1,1,0,0,1,0,0,0,0,1,0,0,0,0,0,0,0,0,0,0,1,0,0,0,0,1,0,0,1,0.69,0.7555284535830911,0.901652437900453,0.8382977
49,3785,3893,5,5.0,0,0,0,1,0,0,0,1,0,0,0,0,1,0,1,93.36363636,0.0,0.181818187,0.0,0.0,0.969814995,0.355647517,0,0,1,1,0,0,0,0,0,0,0,1,1,0,0,0,1,0,0,1,0,0,0,1,0,0,1,0,0,1,0,0,0,0,0,1,0,0,0,0,0,0,0,0,1,0,0,0,0,0,0,1,0,0,0,0,0,0,0,0,1,0,0,0,1,0,0,0,0,0,0,0,1,0,0,0,1,0,1,0,0,0,0,0,0,1,0,1,0,1,0,0,0,0,0,0,1,0,0,0,0,0,0,0,0,0,1,0,0,0,0,0,1,0,0.41,0.5985981505475213,0.2509238635962515,0.07092385
50,15699,17465,14,8.0,0,0,0,0,0,0,0,0,1,0,0,0,0,0,0,0.0,0.0,0.0,0.0,0.0,0.964028777,0.65692446,0,0,1,1,0,0,1,0,0,0,0,0,1,0,1,0,0,0,0,1,1,0,0,0,0,0,0,0,0,1,0,0,0,0,0,0,1,0,0,0,0,0,0,0,0,1,0,0,0,0,0,1,0,0,0,1,0,0,0,0,0,0,0,1,0,0,0,0,1,0,0,0,0,0,1,0,0,0,0,1,0,0,1,0,0,0,0,0,1,1,0,0,0,0,1,0,0,0,0,0,0,0,0,0,0,1,0,0,0,1,0,0,0,1,0.36,0.5029526962994411,0.3084317339992221,0.21117446
51,12522,12855,8,7.0,0,0,0,0,0,0,0,0,1,1,0,0,0,0,0,0.0,0.0,0.0,0.0,0.0,0.091538462,0.280961538,0,1,0,1,0,0,0,1,0,0,0,0,0,0,1,0,0,1,0,0,0,0,1,0,0,0,1,0,0,0,0,0,1,0,0,1,0,0,0,0,0,0,0,0,0,0,0,0,1,0,0,1,0,0,0,0,0,0,0,0,1,1,0,0,0,0,0,0,0,0,0,1,0,0,0,0,1,0,1,0,0,0,0,0,0,1,1,0,0,1,0,0,0,0,0,0,1,0,0,0,0,0,0,0,0,1,0,0,0,0,1,0,0,1,0.64,0.6617870997104935,0.6625661050030617,0.48085204
52,3061,3145,15,5.0,1,1,0,0,0,0,1,0,0,0,0,0,0,0,0,0.0,0.07692308,0.0,0.0,0.0,0.0,0.0,0,0,1,1,0,0,0,0,0,0,1,0,1,0,0,0,1,0,0,1,0,0,0,1,1,0,0,0,0,0,0,0,1,0,0,1,0,0,0,0,0,0,0,0,0,0,0,0,0,1,0,0,0,0,1,0,0,0,1,0,0,0,0,1,0,0,0,0,0,0,0,0,1,0,0,1,0,0,0,0,1,0,0,0,1,0,0,0,1,1,0,0,0,0,0,0,1,0,0,0,0,0,0,0,0,1,0,0,0,0,1,0,0,0,0.56,0.5969998310493937,0.523527456934335,0.04307871
53,17480,18017,1,10.0,0,1,1,0,0,0,0,1,0,1,1,0,0,1,0,10.07142857,0.214285716,0.0,0.0,0.0,0.0,0.0,0,0,1,1,0,1,0,0,0,0,0,0,0,1,0,1,0,0,1,0,0,0,1,0,0,0,0,1,0,1,0,0,0,0,0,0,0,0,1,0,0,0,0,0,0,0,1,0,0,0,0,0,0,1,0,0,0,1,0,0,0,1,0,0,0,0,0,0,1,0,0,0,0,0,1,0,0,0,0,1,0,0,0,1,0,0,1,0,0,0,0,0,0,1,0,1,0,0,0,0,0,0,0,0,0,1,0,0,0,0,1,0,0,1,0.81,0.7902607079001123,0.8403880454188983,0.86499834
54,14012,14401,20,8.0,0,0,0,0,0,0,1,0,0,0,0,1,1,0,0,0.0,0.0,0.0,0.0,0.0,0.391812865,1.0,0,0,1,1,0,0,0,1,0,0,0,0,1,0,1,0,0,0,0,1,1,0,0,0,0,0,0,1,0,0,0,0,1,0,0,0,0,0,0,0,0,0,1,0,0,0,0,0,0,1,0,0,0,1,0,1,0,0,0,0,0,0,0,0,1,0,0,0,0,1,0,0,0,0,0,0,1,0,0,0,1,0,1,0,0,0,0,1,0,0,0,0,1,0,1,0,0,0,0,0,0,0,0,0,0,1,0,0,0,0,1,0,0,1,0.66,0.6350973447731529,0.7858045213406387,0.9784297
55,7031,7200,14,9.0,0,1,0,0,0,1,0,0,1,0,0,0,0,0,0,6.428571429,0.071428575,0.0,0.0,0.142857149,1.0,1.0,0,0,1,1,0,0,1,0,0,0,0,0,1,0,0,1,0,0,1,0,1,0,0,0,0,1,0,0,0,0,0,1,0,0,0,0,0,0,0,0,0,1,0,0,0,0,0,0,0,1,0,1,0,0,0,0,0,1,0,0,0,0,0,0,0,1,0,0,0,0,0,0,1,1,0,0,0,0,1,0,0,0,1,0,0,0,0,0,1,1,0,0,0,0,0,0,0,0,0,0,0,0,0,1,0,1,0,0,0,1,0,0,0,0,0.65,0.6241542297581779,0.6354915745975327,0.7290003
56,2316,2368,18,6.0,0,0,1,0,0,0,0,0,0,0,0,0,0,0,0,0.0,0.0,0.0,0.0,0.0,0.0,0.0,0,0,1,1,0,0,0,0,0,1,0,0,1,0,1,0,0,0,0,1,0,1,0,0,0,0,0,1,0,0,0,0,1,0,1,0,0,0,0,0,0,0,0,0,0,1,0,0,0,0,0,0,0,1,0,1,0,0,0,0,0,1,0,0,0,0,0,1,0,0,0,0,0,1,0,0,0,0,1,0,0,0,1,0,0,0,1,0,0,1,0,0,0,0,0,0,1,0,0,0,0,0,0,0,0,1,0,0,0,0,1,0,0,0,0.19,0.2724645598328502,0.18106278993316455,0.07486241
57,24087,24905,14,4.0,0,1,0,0,0,1,0,0,0,1,0,0,0,0,0,126.6,0.0,0.0,0.0,0.0,0.0,0.0,1,0,1,1,0,1,0,0,0,0,0,0,1,0,0,0,1,0,1,0,0,0,0,1,0,1,0,0,0,0,0,1,0,0,0,0,0,0,0,0,1,0,0,0,0,1,0,0,0,0,0,0,1,0,0,0,0,0,0,0,1,1,0,0,0,0,0,0,1,0,0,0,0,0,0,1,0,0,1,0,0,0,0,0,1,0,1,0,0,1,0,0,0,0,1,0,0,0,0,0,0,0,0,0,0,1,0,0,0,1,0,0,0,1,0.59,0.6514763762512429,0.8241903743527771,0.94958043
58,8375,8575,22,10.0,0,0,0,0,0,0,0,0,1,0,0,0,0,0,0,10.75,0.0,0.0,0.0,0.0,1.0,2.0,0,1,0,0,1,0,0,1,0,0,0,0,0,0,0,1,0,0,0,1,0,0,1,0,1,0,0,0,0,0,1,0,0,0,0,0,0,0,0,0,0,1,0,0,0,0,0,0,0,1,0,1,0,0,0,0,0,1,0,0,0,0,0,1,0,0,0,0,0,0,0,0,1,1,0,0,0,0,0,1,0,0,0,1,0,0,0,0,1,1,0,0,0,0,0,0,0,0,0,0,0,1,0,0,0,1,0,0,0,1,0,0,0,0,0.47,0.5930083665302246,0.3755657363149387,0.2767145
59,4358,4470,4,6.0,0,1,1,1,0,0,1,0,1,1,1,1,0,0,0,516.5,0.0,0.0,0.0,0.0,0.0,0.0,1,0,1,1,0,0,0,0,0,0,1,0,0,1,0,1,0,0,0,1,0,0,0,1,0,0,0,1,0,1,0,0,0,0,0,1,0,0,0,0,0,0,0,0,0,0,0,0,0,0,1,0,0,0,1,0,0,0,0,0,1,1,0,0,0,0,0,0,0,0,0,0,1,0,0,0,1,0,0,0,0,1,0,0,0,1,1,0,0,0,0,1,0,0,0,1,0,0,0,0,0,0,0,0,0,0,1,0,0,0,0,0,1,1,0.79,0.8676934856281266,0.9768107054310149,0.95616496
60,17626,18170,16,10.0,0,0,0,1,0,0,0,0,1,1,0,0,1,0,1,33.53846154,0.0,0.0,0.07692308,0.07692308,0.798165138,1.675458716,0,1,0,0,1,0,0,0,1,0,0,0,0,0,0,1,0,0,1,0,0,0,0,1,1,0,0,0,0,1,0,0,0,0,0,1,0,0,0,0,0,0,0,0,0,1,0,0,0,0,0,1,0,0,0,0,0,0,0,0,1,0,1,0,0,0,0,0,0,0,0,0,1,0,1,0,0,0,0,0,1,0,0,0,0,1,0,1,0,0,0,0,0,1,0,0,1,0,0,0,0,0,0,0,0,0,0,0,1,0,0,1,0,1,0.64,0.7918748714356715,0.5604805931257505,0.8724956
61,7019,7186,22,10.0,0,0,1,1,0,0,0,0,1,0,0,0,1,1,1,38.93548387,0.064516127,0.0,0.0,0.0,0.0,0.0,0,0,1,0,1,0,0,1,0,0,0,0,0,1,0,1,0,0,1,0,1,0,0,0,0,0,0,0,0,0,1,0,0,0,0,1,0,0,0,0,0,0,0,0,0,0,1,0,0,0,0,0,1,0,0,0,0,0,0,0,1,0,0,1,0,0,0,0,0,0,0,0,1,1,0,0,0,0,0,0,1,0,0,0,1,0,0,0,1,0,0,0,0,1,0,0,0,0,0,0,0,0,1,0,0,0,0,0,1,0,0,0,1,0,0.86,0.8829990932358742,0.9023981413122043,0.885756
62,23262,24047,20,4.0,0,1,0,0,0,0,0,0,1,0,0,0,0,0,1,76.28125,0.0,0.0,0.03125,0.0,0.117574764,0.149631299,1,0,1,1,0,0,0,0,0,0,0,1,1,0,0,0,1,0,1,0,1,0,0,0,0,0,0,0,0,0,0,1,0,0,0,1,0,0,0,0,0,0,0,0,0,0,0,0,0,0,1,1,0,0,0,0,0,0,0,0,1,0,0,0,1,0,0,0,0,0,1,0,0,0,0,0,1,0,0,0,0,1,0,0,0,1,0,0,1,1,0,0,0,0,1,0,0,0,0,0,0,0,0,0,0,1,0,0,0,0,0,1,0,0,0.69,0.8195521697395529,0.7904607791004813,0.82782465
63,486,493,10,9.0,0,1,1,1,1,1,0,0,0,1,1,0,0,0,0,256.6666667,0.0,0.0,0.0,0.0,0.0,0.0,0,0,1,1,0,0,0,0,1,0,0,0,1,0,0,1,0,0,0,1,0,0,0,1,0,0,0,1,0,0,0,0,1,0,0,1,0,0,0,0,0,0,0,0,0,0,0,0,0,0,1,0,0,0,1,0,0,0,0,0,1,0,0,1,0,0,0,0,0,0,0,0,1,0,0,0,1,0,0,0,0,1,0,0,0,1,0,1,0,1,0,0,0,0,1,0,0,0,0,0,0,0,0,0,0,1,0,0,0,0,1,0,0,1,0.81,0.8209037641238035,0.8454228070717864,0.87881094
64,24772,25632,3,4.0,0,0,0,0,0,0,0,0,0,0,1,1,0,0,0,19.4,0.0,0.0,0.0,0.0,0.963917526,0.941365979,0,0,1,0,1,0,0,0,1,0,0,0,1,0,0,1,0,1,0,0,1,0,0,0,0,0,0,0,1,1,0,0,0,1,0,0,0,0,0,0,0,0,0,0,0,1,0,0,0,0,0,1,0,0,0,1,0,0,0,0,0,1,0,0,0,0,0,1,0,0,0,0,0,1,0,0,0,0,1,0,0,0,1,0,0,0,1,0,0,1,0,0,0,0,0,0,1,0,0,0,0,0,0,0,0,1,0,0,0,1,0,0,0,0,0.13,0.2216006961861779,0.23165394433187309,0.081806265
65,4592,4705,14,6.0,0,1,0,1,0,1,0,0,1,1,0,0,0,0,0,0.0,0.0,0.0,0.0,0.0,0.0,0.0,0,0,1,0,1,0,0,0,1,0,0,0,0,1,1,0,0,0,1,0,1,0,0,0,0,1,0,0,0,1,0,0,0,0,0,1,0,0,0,0,0,0,0,0,0,0,0,0,0,0,1,0,1,0,0,0,0,0,0,0,1,0,0,0,0,0,1,0,0,0,0,0,1,0,0,0,1,0,0,0,0,1,0,0,0,1,0,0,1,1,0,0,0,0,1,0,0,0,0,0,0,0,0,0,0,1,0,0,0,0,0,0,1,1,0.93,0.8803949749046663,0.9542413127213296,0.947146
66,22132,22875,4,7.0,0,1,0,0,0,1,0,0,1,1,0,0,1,0,0,133.0,0.0,0.0,0.0,0.0,0.98245614,0.305137845,0,0,1,1,0,0,1,0,0,0,0,0,1,0,1,0,0,0,0,1,1,0,0,0,0,0,1,0,0,0,1,0,0,0,0,0,0,0,1,0,0,0,0,0,0,0,1,0,0,0,0,0,1,0,0,1,0,0,0,0,0,0,1,0,0,0,0,0,0,0,0,1,0,1,0,0,0,0,1,0,0,0,0,1,0,0,0,1,0,1,0,0,0,0,0,0,0,0,0,0,0,1,0,0,0,1,0,0,0,0,1,0,0,0,0.34,0.6566598925612523,0.36598469648640647,0.032606486
67,23834,24641,19,10.0,0,0,0,0,0,0,0,1,1,0,0,0,0,0,0,66.69230769,0.0,0.0,0.0,0.0,0.589388697,0.421280277,0,0,1,0,1,1,0,0,0,0,0,0,1,0,0,1,0,0,1,0,0,1,0,0,0,0,1,0,0,0,0,1,0,0,0,0,0,0,0,1,0,0,0,0,0,0,0,0,0,0,1,1,0,0,0,0,0,0,0,0,1,0,0,1,0,0,0,0,1,0,0,0,0,0,0,1,0,0,0,0,0,1,0,0,0,1,1,0,0,1,0,0,0,0,0,0,0,0,0,0,0,1,0,0,0,1,0,0,0,1,0,0,0,1,0.7,0.850149242980609,0.852461634416194,0.85468227
68,7028,7196,20,9.0,0,0,0,0,0,0,0,1,1,0,0,0,0,0,0,93.75,0.25,0.0,0.0,0.0,1.0,0.974,0,0,1,1,0,0,1,0,0,0,0,0,1,0,0,1,0,0,0,1,0,0,0,1,1,0,0,0,0,0,0,1,0,0,0,0,0,0,0,1,0,0,0,0,0,0,0,1,0,0,0,0,1,0,0,0,1,0,0,0,0,0,0,0,0,0,1,0,1,0,0,0,0,0,1,0,0,0,1,0,0,0,0,1,0,0,0,0,1,1,0,0,0,0,1,0,0,0,0,0,0,0,0,0,0,1,0,0,0,1,0,0,0,0,0.58,0.6217571944932258,0.5225897955443626,0.67455214
69,7112,7284,11,8.0,0,1,1,1,0,0,0,0,0,0,0,0,1,1,0,0.0,0.0,0.0,0.0,0.0,0.0,0.0,0,0,1,1,0,0,0,0,0,1,0,0,0,1,1,0,0,0,0,1,0,1,0,0,0,0,0,1,0,0,0,0,1,0,0,0,0,0,0,0,0,0,1,0,0,0,0,0,0,0,1,0,0,0,1,0,0,0,0,1,0,0,0,0,1,0,0,0,0,1,0,0,0,0,0,0,1,0,0,0,0,1,0,1,0,0,0,0,1,0,0,0,0,1,1,0,0,0,0,0,0,0,0,0,0,1,0,0,0,1,0,0,0,0,0.6,0.8333372881146763,0.733208894844055,0.5342512
70,14858,15272,5,5.0,0,0,0,0,0,0,0,0,1,0,0,0,1,0,0,83.73684211,0.105263159,0.052631579,0.0,0.0,0.0,0.0,0,0,1,1,0,0,0,0,1,0,0,0,1,0,0,0,1,0,0,1,0,0,1,0,0,1,0,0,0,0,0,0,1,0,0,0,0,1,0,0,0,0,0,0,0,1,0,0,0,0,0,1,0,0,0,0,0,1,0,0,0,0,1,0,0,0,0,1,0,0,0,0,0,0,1,0,0,1,0,0,0,0,1,0,0,0,0,1,0,1,0,0,0,0,0,0,0,0,0,0,0,1,0,0,0,1,0,0,0,1,0,0,0,0,0.47,0.37718575947047217,0.40459353413707455,0.1491608
71,18035,18603,3,10.0,0,0,0,0,0,0,0,0,1,0,0,0,0,0,1,96.09090909,0.0,0.0,0.0,0.0,0.970671712,0.345553453,0,0,1,0,1,0,0,1,0,0,0,0,1,0,0,1,0,0,0,1,0,0,1,0,0,0,1,0,0,0,1,0,0,0,0,0,0,1,0,0,0,0,0,0,0,0,0,0,1,0,0,1,0,0,0,0,0,0,1,0,0,1,0,0,0,0,0,0,1,0,0,0,0,1,0,0,0,0,1,0,0,0,0,1,0,0,1,0,0,0,0,1,0,0,1,0,0,0,0,0,0,0,0,0,0,1,0,0,0,0,1,0,0,1,0.26,0.6436841549512937,0.324121495586906,0.10263157
72,12146,12473,4,4.0,0,1,1,0,0,0,0,0,0,0,0,0,0,0,0,90.15384615,0.0,0.0,0.0,0.0,0.979522184,0.623293515,0,0,1,1,0,0,0,0,0,0,1,0,1,0,0,1,0,1,0,0,0,0,0,1,0,0,0,0,1,0,0,0,1,0,0,1,0,0,0,0,0,0,0,0,0,0,0,0,0,0,1,0,0,0,1,0,0,0,0,0,1,0,0,0,1,0,0,1,0,0,0,0,0,0,0,0,1,0,0,1,0,0,0,0,1,0,1,0,0,1,0,0,0,0,0,0,1,0,0,0,0,0,0,0,0,0,0,1,0,1,0,0,0,0,0.31,0.4564476167966932,0.19738362552155664,0.14867024
73,18119,18693,8,8.0,0,0,0,0,0,0,0,0,0,1,0,0,0,0,0,741.0,1.0,0.0,0.0,0.0,0.843454791,2.464574899,0,0,1,1,0,0,1,0,0,0,0,0,1,0,1,0,0,0,0,1,0,0,1,0,0,0,1,0,0,0,1,0,0,0,1,0,0,0,0,0,0,0,0,0,0,0,0,1,0,0,0,1,0,0,0,0,0,0,1,0,0,1,0,0,0,0,0,0,1,0,0,0,0,0,1,0,0,0,1,0,0,0,0,0,1,0,1,0,0,1,0,0,0,0,1,0,0,0,0,0,0,0,0,0,0,1,0,0,0,0,1,0,0,0,0.53,0.6057574410541094,0.7340839864025679,0.27116406
74,17676,18224,24,4.0,0,0,0,0,0,0,0,0,1,1,0,0,0,0,0,0.0,0.0,0.0,0.0,0.0,0.0,0.0,0,0,1,0,1,0,0,0,0,0,1,0,1,0,0,0,1,0,1,0,0,1,0,0,1,0,0,0,0,1,0,0,0,0,0,0,1,0,0,0,0,0,0,0,1,0,0,0,0,0,0,1,0,0,0,1,0,0,0,0,0,0,1,0,0,0,0,1,0,0,0,0,0,0,1,0,0,1,0,0,0,0,1,0,0,0,0,1,0,1,0,0,0,0,1,0,0,0,0,0,0,0,0,0,0,1,0,0,0,0,1,0,0,0,0.21,0.3531100823515668,0.3533556346905488,0.34275386
75,21137,21843,24,6.0,0,1,0,0,0,1,0,1,1,1,1,0,0,0,0,29.90909091,0.0,0.0,0.0,0.0,0.869300912,1.0,0,0,1,0,1,0,0,1,0,0,0,0,1,0,0,0,1,0,0,1,0,1,0,0,0,0,1,0,0,0,0,1,0,0,0,0,0,0,0,0,0,1,0,0,0,0,0,0,1,0,0,1,0,0,0,0,0,0,0,1,0,0,0,0,1,0,0,0,0,1,0,0,0,0,1,0,0,0,1,0,0,0,0,0,1,0,0,1,0,1,0,0,0,0,0,0,0,0,0,0,0,1,0,0,0,1,0,0,0,1,0,0,0,0,0.59,0.6758116275841818,0.5349063713474321,0.5874037
76,21615,22337,5,5.0,0,0,0,1,0,0,0,0,1,1,0,0,1,0,0,50.71428571,0.142857149,0.428571433,0.0,0.0,0.0,0.0,0,0,1,1,0,0,0,0,0,0,1,0,1,0,0,0,0,0,0,1,0,0,1,0,0,0,1,0,0,0,0,1,0,0,0,1,0,0,0,0,0,0,0,0,0,0,0,0,0,0,1,1,0,0,0,0,0,0,0,0,1,0,0,0,0,0,1,0,0,0,0,0,1,0,0,0,1,0,0,0,0,1,0,1,0,0,0,0,1,1,0,0,0,0,0,0,1,0,0,0,0,0,0,0,0,0,0,1,0,0,0,1,0,1,0.7,0.881342096299188,0.8931226585124367,0.77025497
77,3658,3765,5,6.0,1,0,1,1,0,0,0,0,0,0,0,0,0,0,0,58.4,0.0,0.0,0.0,0.0,0.936643836,1.250856164,0,0,1,1,0,0,0,0,0,0,1,0,1,0,0,0,1,1,0,0,0,0,0,1,0,0,0,1,0,0,0,0,1,0,0,1,0,0,0,0,0,0,0,0,0,1,0,0,0,0,0,0,0,0,1,0,1,0,0,0,0,0,0,0,0,0,1,0,0,0,1,0,0,0,0,0,1,0,0,1,0,0,0,1,0,0,0,0,1,1,0,0,0,0,1,0,0,0,0,0,0,0,0,0,0,1,0,0,0,0,0,1,0,1,0.23,0.4633464563422906,0.28103944074193,0.2252237
78,12946,13291,22,5.0,0,0,0,0,0,0,0,0,0,0,0,0,0,0,0,85.66666667,0.0,0.0,0.0,0.0,0.124513619,1.0,0,1,0,0,1,0,0,0,0,1,0,0,0,0,0,0,1,0,1,0,0,1,0,0,0,0,0,0,0,0,0,1,0,0,0,0,0,0,1,0,0,0,0,0,0,1,0,0,0,0,0,1,0,0,0,0,0,1,0,0,0,0,1,0,0,0,0,0,0,1,0,0,0,0,0,1,0,1,0,0,0,0,0,1,0,0,0,0,1,1,0,0,0,0,1,0,0,0,0,0,0,0,0,0,0,1,0,0,0,1,0,0,0,0,0.51,0.5342217113413993,0.5011663621732193,0.55731606
79,1759,1794,11,5.0,1,0,1,0,1,0,0,0,1,1,0,0,0,0,0,41.4,0.06666667,0.0,0.0,0.0,1.0,2.352657005,0,0,1,1,0,0,0,0,1,0,0,0,1,0,0,0,1,0,0,1,1,0,0,0,0,0,0,1,0,0,1,0,0,0,0,0,0,0,0,0,1,0,0,0,0,0,0,0,0,0,1,0,0,0,1,0,0,1,0,0,0,0,0,0,0,0,1,0,0,0,1,0,0,0,0,0,1,0,0,0,1,0,0,1,0,0,0,0,1,1,0,0,0,0,0,0,0,0,0,0,0,0,0,0,1,0,1,0,0,0,0,0,1,1,0.46,0.5758780976514429,0.6138184153094752,0.7142732
80,3095,3180,5,3.0,0,0,0,0,0,0,0,0,0,0,1,0,1,1,0,20.23684211,0.02631579,0.0,0.02631579,0.0,0.0,0.0,0,0,1,0,1,0,0,0,0,1,0,0,1,0,0,1,0,0,0,1,0,0,0,1,0,1,0,0,0,1,0,0,0,0,0,0,0,0,1,0,0,0,0,0,0,0,1,0,0,0,0,1,0,0,0,0,1,0,0,0,0,0,1,0,0,0,0,0,0,1,0,0,0,0,0,1,0,1,0,0,0,0,1,0,0,0,1,0,0,0,0,0,0,1,1,0,0,0,0,0,0,0,0,0,0,1,0,0,0,1,0,0,0,0,0.52,0.3320195239482182,0.3786849442096864,0.28973553
81,25560,26470,19,7.0,0,0,0,0,0,0,0,0,1,0,0,0,0,0,0,0.0,0.0,0.0,0.0,0.0,0.365853659,0.890853659,0,0,1,0,1,0,0,0,0,1,0,0,1,0,0,0,0,0,1,0,0,1,0,0,0,0,0,0,0,0,0,1,0,1,0,0,0,0,0,0,0,0,0,0,0,1,0,0,0,0,0,1,0,0,0,0,1,0,0,0,0,1,0,0,0,0,0,1,0,0,0,0,0,1,0,0,0,1,0,0,0,0,0,1,0,0,1,0,0,1,0,0,0,0,0,0,0,0,0,0,0,1,0,0,0,1,0,0,0,1,0,0,0,0,0.51,0.5179185141771591,0.6673005650329289,0.38491726
82,16258,16715,4,6.0,0,0,0,1,0,0,0,0,1,1,0,0,0,0,0,94.66666667,0.0,0.0,0.111111112,0.0,0.0,0.0,1,1,0,0,1,0,1,0,0,0,0,0,0,0,1,0,0,0,0,1,0,0,1,0,0,0,1,0,0,1,0,0,0,0,0,0,0,0,0,0,1,0,0,0,1,0,0,0,0,0,0,1,0,0,0,1,0,0,0,0,0,0,0,1,0,0,0,0,0,0,1,0,0,0,0,1,0,1,0,0,0,0,1,0,0,0,1,0,0,1,0,0,0,0,0,0,1,0,0,0,0,0,0,0,0,0,1,0,0,0,1,0,0,1,0.6,0.547432596217717,0.6167273262205146,0.8094836
83,4133,4244,18,9.0,0,0,0,0,0,0,0,1,1,1,0,0,0,0,0,24.53333333,0.06666667,0.0,0.0,0.13333334,0.0,0.0,0,1,0,0,1,0,0,0,1,0,0,0,0,0,0,1,0,0,1,0,0,0,1,0,1,0,0,0,0,0,0,1,0,0,0,0,0,0,0,0,1,0,0,0,0,0,0,0,0,0,1,1,0,0,0,0,1,0,0,0,0,0,0,0,0,1,0,0,0,0,1,0,0,0,0,1,0,0,0,0,0,1,1,0,0,0,0,0,1,1,0,0,0,0,0,0,0,0,0,0,0,0,0,0,1,1,0,0,0,0,1,0,0,1,0.5,0.7114172538460676,0.6954874120306954,0.8338606
84,16956,17455,8,6.0,0,0,0,0,0,0,0,0,1,1,0,0,0,0,0,56.71428571,0.0,0.0,0.0,0.0,0.639798489,1.840050378,0,0,1,0,1,0,1,0,0,0,0,0,1,0,1,0,0,0,0,1,1,0,0,0,1,0,0,0,0,1,0,0,0,0,0,0,0,0,1,0,0,0,0,0,0,0,0,0,0,0,1,1,0,0,0,0,0,1,0,0,0,0,0,1,0,0,0,0,0,0,0,0,1,0,0,1,0,0,1,0,0,0,1,0,0,0,0,0,1,1,0,0,0,0,0,0,0,0,0,0,1,0,0,0,0,1,0,0,0,1,0,0,0,0,0.74,0.6418719589066971,0.8140554053479889,0.75012654
85,8271,8468,18,5.0,1,1,1,1,0,0,0,0,1,1,0,0,0,0,0,0.0,0.0,0.0,0.0,0.0,0.904,1.0,0,0,1,0,1,0,0,0,0,1,0,0,1,0,0,0,1,0,1,0,0,0,0,1,1,0,0,0,0,1,0,0,0,0,0,1,0,0,0,0,0,0,0,0,0,0,0,0,0,0,1,0,0,1,0,0,0,1,0,0,0,0,0,0,0,0,1,0,0,0,0,0,1,0,0,1,0,0,0,0,0,1,1,0,0,0,0,0,1,1,0,0,0,0,1,0,0,0,0,0,0,0,0,0,0,1,0,0,0,0,1,0,0,1,0.7,0.6560546008454976,0.5879328578603786,0.8630173
86,11770,12086,16,2.0,0,0,0,1,0,0,0,0,1,0,1,0,0,0,0,7.018867925,0.018867925,0.0,0.03773585,0.0,1.0,1.963709677,0,0,1,0,1,0,0,0,0,1,0,0,1,0,0,0,0,0,0,1,0,0,1,0,0,0,0,0,1,0,0,1,0,0,0,0,0,0,1,0,0,0,0,0,0,0,1,0,0,0,0,1,0,0,0,1,0,0,0,0,0,1,0,0,0,0,0,0,0,0,0,0,1,0,1,0,0,0,1,0,0,0,1,0,0,0,1,0,0,1,0,0,0,0,0,0,1,0,0,0,0,0,0,0,0,0,1,0,0,1,0,0,0,0,0.56,0.3360729479935848,0.4130521146979697,0.5805384
87,20690,21376,24,10.0,0,0,0,0,0,0,0,1,1,1,1,0,0,0,0,20.06521739,0.0,0.0,0.0,0.0,1.0,0.791440953,0,1,0,0,1,0,0,1,0,0,0,0,0,0,0,1,0,0,0,1,0,0,1,0,0,0,1,0,0,1,0,0,0,0,0,0,0,0,0,1,0,0,0,0,0,0,1,0,0,0,0,1,0,0,0,0,0,0,0,0,1,0,1,0,0,0,0,0,0,0,1,0,0,1,0,0,0,1,0,0,0,0,0,1,0,0,0,1,0,1,0,0,0,0,0,0,0,0,1,0,0,0,0,0,0,1,0,0,0,1,0,0,0,0,0.4,0.679369444468122,0.36272484291367,0.28336766
88,16631,17110,17,7.0,0,0,0,0,0,0,0,0,1,0,0,0,1,0,0,65.6,0.0,0.0,0.0,0.119999997,0.854268293,0.445426829,0,0,1,0,1,0,0,0,1,0,0,0,0,1,1,0,0,0,1,0,1,0,0,0,0,0,1,0,0,1,0,0,0,0,0,0,0,0,0,0,0,0,1,0,0,0,1,0,0,0,0,0,1,0,0,0,0,0,0,0,1,1,0,0,0,0,0,0,1,0,0,0,0,0,1,0,0,0,1,0,0,0,0,0,0,1,1,0,0,1,0,0,0,0,0,0,1,0,0,0,0,0,0,0,0,0,0,0,1,1,0,0,0,0,0.55,0.7275868219716733,0.692931302511489,0.61825186
89,13154,13509,9,8.0,0,0,0,1,0,0,1,0,1,0,0,0,0,0,0,4.0,0.100000001,0.0,0.050000001,0.0,0.0,0.0,0,0,1,0,1,0,0,0,0,0,1,0,1,0,1,0,0,1,0,0,1,0,0,0,0,0,1,0,0,0,0,1,0,0,0,1,0,0,0,0,0,0,0,0,0,0,1,0,0,0,0,1,0,0,0,0,0,0,0,0,1,0,0,0,0,1,0,0,0,0,0,1,0,0,0,0,1,0,1,0,0,0,0,0,0,1,0,1,0,1,0,0,0,0,0,0,0,0,1,0,0,0,0,0,0,1,0,0,0,0,0,1,0,1,0.73,0.8162018742787435,0.8944874106321539,0.66980314
90,21283,21991,24,7.0,0,0,0,1,0,0,0,0,1,0,0,0,0,0,0,50.36842105,0.0,0.0,0.0,0.0,1.0,1.526645768,0,0,1,0,1,0,1,0,0,0,0,0,1,0,0,0,1,0,1,0,0,0,1,0,0,0,0,0,0,1,0,0,0,0,0,0,0,1,0,0,0,0,0,0,1,0,0,0,0,0,0,1,0,0,0,1,0,0,0,0,0,0,1,0,0,0,0,0,0,1,0,0,0,0,0,1,0,1,0,0,0,0,1,0,0,0,1,0,0,1,0,0,0,0,1,0,0,0,0,0,0,0,0,0,0,1,0,0,0,0,0,1,0,0,0.46,0.4593882690448376,0.5292544169263054,0.41519204
91,25234,26121,4,8.0,0,0,0,0,0,0,0,1,1,0,0,0,0,0,0,25.33333333,0.0,0.0,0.0,0.0,0.681578947,0.961184211,0,0,1,0,1,1,0,0,0,0,0,0,1,0,1,0,0,1,0,0,1,0,0,0,0,1,0,0,0,0,0,1,0,0,1,0,0,0,0,0,0,0,0,0,0,0,0,1,0,0,0,1,0,0,0,0,0,1,0,0,0,1,0,0,0,0,0,1,0,0,0,0,0,0,1,0,0,1,0,0,0,0,0,1,0,0,1,0,0,1,0,0,0,0,0,0,0,0,0,0,1,0,0,0,0,1,0,0,0,0,1,0,0,0,0.48,0.5339778249147824,0.5259679796316785,0.5639211
92,24743,25601,19,9.0,0,0,0,0,0,0,0,0,1,0,0,0,0,0,0,38.41176471,0.0,0.0,0.0,0.0,0.981623277,0.559341501,0,0,1,0,1,0,0,0,1,0,0,0,1,0,0,1,0,0,0,1,0,1,0,0,1,0,0,0,0,1,0,0,0,0,1,0,0,0,0,0,0,0,0,0,1,0,0,0,0,0,0,1,0,0,0,1,0,0,0,0,0,0,1,0,0,0,0,1,0,0,0,0,0,0,1,0,0,1,0,0,0,0,1,0,0,0,0,1,0,1,0,0,0,0,0,0,0,0,0,0,0,1,0,0,0,1,0,0,0,1,0,0,0,0,0.16,0.39920293076293,0.11421387724370924,0.06555251
93,25119,26001,1,9.0,0,0,0,0,0,0,0,0,0,0,1,0,0,1,0,25.33333333,0.266666681,0.0,0.0,0.0,0.634210526,0.961184211,1,0,1,1,0,1,0,0,0,0,0,0,1,0,0,1,0,0,0,1,1,0,0,0,0,0,1,0,0,0,0,1,0,0,0,0,1,0,0,0,0,0,0,0,1,0,0,0,0,0,0,1,0,0,0,0,0,1,0,0,0,1,0,0,0,0,0,1,0,0,0,0,0,1,0,0,0,1,0,0,0,0,1,0,0,0,1,0,0,0,0,0,0,1,0,0,1,0,0,0,0,0,0,0,0,0,1,0,0,1,0,0,0,0,0.59,0.4748756890157032,0.3295562844511684,0.51295847
94,21069,21774,23,7.0,0,0,1,0,0,1,0,0,1,0,0,0,0,0,0,63.0,0.0,0.0,0.0,0.0,1.0,4.0,0,1,0,1,0,0,0,0,1,0,0,0,0,0,1,0,0,0,1,0,0,0,0,1,0,0,1,0,0,1,0,0,0,0,0,1,0,0,0,0,0,0,0,0,0,0,0,0,1,0,0,0,0,0,1,0,0,0,0,0,1,0,1,0,0,0,0,0,0,1,0,0,0,0,0,0,1,0,1,0,0,0,0,0,0,1,1,0,0,1,0,0,0,0,0,0,0,0,0,0,1,0,0,0,0,1,0,0,0,1,0,0,0,1,0.43,0.717198008444457,0.8668889031168908,0.43393236
95,19812,20472,20,6.0,0,0,1,0,0,0,0,0,0,1,1,1,0,0,0,226.8333333,0.0,0.0,0.0,0.0,0.890521675,0.536737693,0,0,1,1,0,0,1,0,0,0,0,0,1,0,0,1,0,1,0,0,1,0,0,0,0,0,0,1,0,0,0,0,1,0,1,0,0,0,0,0,0,0,0,0,0,1,0,0,0,0,0,0,0,1,0,1,0,0,0,0,0,1,0,0,0,0,0,1,0,0,0,0,0,0,1,0,0,1,0,0,0,0,1,0,0,0,1,0,0,1,0,0,0,0,0,0,0,0,0,1,0,0,0,0,0,1,0,0,0,1,0,0,0,0,0.24,0.25869439341352113,0.20159287066267412,0.38873792
96,6755,6917,10,6.0,0,0,0,1,0,0,0,1,0,0,0,0,0,0,0,35.36363636,0.0,0.0,0.0,0.0,1.0,1.877892031,0,0,1,1,0,0,0,1,0,0,0,0,1,0,1,0,0,0,1,0,0,1,0,0,0,0,1,0,0,1,0,0,0,0,0,0,0,0,0,0,0,0,1,0,0,0,0,1,0,0,0,1,0,0,0,0,0,0,0,0,1,0,1,0,0,0,0,0,0,0,0,1,0,0,0,1,0,0,0,1,0,0,0,0,0,1,1,0,0,1,0,0,0,0,0,0,0,0,0,0,1,0,0,0,0,1,0,0,0,1,0,0,0,1,0.62,0.5857757493859906,0.5510738414928955,0.37209374
97,762,773,20,9.0,0,0,0,1,0,0,0,0,1,0,0,0,0,0,0,21.88235294,0.235294119,0.117647059,0.0,0.0,0.975806452,0.981854839,0,0,1,1,0,0,0,0,1,0,0,0,1,0,0,1,0,0,1,0,0,1,0,0,1,0,0,0,0,0,0,1,0,0,0,0,0,0,0,0,0,1,0,0,0,0,0,0,0,0,1,1,0,0,0,0,0,1,0,0,0,0,0,0,0,0,1,0,0,0,0,0,1,0,0,1,0,0,0,0,0,1,0,0,1,0,0,0,1,0,0,0,1,0,0,1,0,0,0,0,0,0,0,0,0,0,1,0,0,0,1,0,0,0,0.64,0.7719562556195492,0.5801850611062384,0.7610033
98,25281,26177,8,6.0,0,0,0,0,0,0,0,0,0,1,1,1,0,0,0,0.0,0.0,0.0,0.0,0.0,0.921450151,2.20694864,0,0,1,1,0,1,0,0,0,0,0,0,1,0,0,0,1,0,0,1,0,0,0,1,0,0,0,1,0,0,0,1,0,0,0,0,0,1,0,0,0,0,0,0,1,0,0,0,0,0,0,0,1,0,0,0,0,1,0,0,0,1,0,0,0,0,0,1,0,0,0,0,0,1,0,0,0,1,0,0,0,0,1,0,0,0,1,0,0,0,0,1,0,0,1,0,0,0,0,0,0,0,0,0,0,1,0,0,0,0,0,1,0,0,0.6,0.36676881046711024,0.6663729661541086,0.51273245
99,5455,5594,17,5.0,0,0,0,0,0,0,0,1,1,1,0,0,0,0,0,0.0,0.0,0.0,0.0,0.0,0.80239521,2.0,0,0,1,0,1,0,0,0,1,0,0,0,0,1,0,0,1,0,1,0,1,0,0,0,0,1,0,0,0,0,0,1,0,0,0,0,0,0,0,1,0,0,0,0,0,0,1,0,0,0,0,1,0,0,0,0,1,0,0,0,0,0,0,0,1,0,0,0,1,0,0,0,0,0,0,1,0,1,0,0,0,0,1,0,0,0,0,0,1,1,0,0,0,0,1,0,0,0,0,0,0,0,0,0,0,1,0,0,0,1,0,0,0,1,0.65,0.44717040535373337,0.6691580795162189,0.7633652
100,6044,6193,17,7.0,0,0,0,0,0,0,0,0,1,1,0,0,0,0,0,0.0,0.0,0.0,0.0,0.0,0.275362319,1.0,0,1,0,0,1,0,0,1,0,0,0,0,0,0,0,0,0,0,1,0,1,0,0,0,0,0,1,0,0,0,0,0,1,0,0,0,0,0,0,0,0,0,1,0,0,0,0,0,1,0,0,1,0,0,0,0,0,0,0,0,1,0,0,1,0,0,0,0,1,0,0,0,0,0,0,1,0,0,0,1,0,0,0,1,0,0,0,0,1,1,0,0,0,0,1,0,0,0,0,0,0,0,0,0,0,1,0,0,0,0,0,1,0,1,0.71,0.6340361757580756,0.7635706500381234,0.94431967
101,22520,23276,11,9.0,0,1,1,1,0,0,0,0,0,1,1,0,0,0,0,23.25,0.0,0.0,0.0,0.0,1.0,2.244239631,0,0,1,1,0,0,0,0,0,0,1,0,1,0,0,1,0,0,1,0,0,0,0,1,0,0,0,0,0,0,1,0,0,0,0,1,0,0,0,0,0,0,0,0,0,0,0,0,0,0,1,0,0,0,1,0,0,0,0,0,1,0,0,0,0,1,0,0,0,1,0,0,0,0,1,0,0,0,0,0,0,1,0,0,0,1,1,0,0,0,0,1,0,0,1,0,0,0,0,0,0,0,0,0,0,1,0,0,0,0,1,0,0,0,0.64,0.7970365478991492,0.6344634487481272,0.47627982
102,2497,2553,8,4.0,0,0,0,1,0,0,0,0,1,1,1,0,0,0,0,34.4,0.0,0.0,0.0,0.0,0.284883721,1.0,0,0,1,0,1,0,0,0,0,0,0,1,1,0,0,0,1,0,0,1,0,1,0,0,0,0,1,0,0,0,0,0,1,0,0,1,0,0,0,0,0,0,0,0,0,0,0,0,0,0,1,0,0,1,0,0,0,0,0,0,1,0,0,1,0,0,0,0,0,0,0,0,1,0,0,0,1,0,0,0,0,1,0,0,0,1,1,0,0,1,0,0,0,0,1,0,0,0,0,0,0,0,0,0,0,1,0,0,0,0,1,0,0,1,0.8,0.6703084148927794,0.7564294146803898,0.8937983
